date,ccl
2015-01-02,11.97816312400437
2015-01-05,11.791830868690484
2015-01-06,11.923583674302261
2015-01-07,11.943189330766888
2015-01-08,11.625709449266
2015-01-09,11.642542227995616
2015-01-12,11.787072684549129
2015-01-13,11.89305460175101
2015-01-14,12.278557941974427
2015-01-15,12.162990657263936
2015-01-16,12.263034237022655
2015-01-20,12.345316211328843
2015-01-21,12.123892809487275
2015-01-22,12.072072577767416
2015-01-23,12.305296535090106
2015-01-26,12.181818413011955
2015-01-27,12.290167640847631
2015-01-28,12.454435686657133
2015-01-29,12.07524282238533
2015-01-30,12.163813493954779
2015-02-02,12.15174806175739
2015-02-03,12.170088521116755
2015-02-04,12.113252198823456
2015-02-05,12.042948665863285
2015-02-06,12.17798555618923
2015-02-09,12.151162029924526
2015-02-10,12.059316298266618
2015-02-11,12.222222222222221
2015-02-12,12.243768041880939
2015-02-13,12.19704961900258
2015-02-18,11.9999998043745
2015-02-19,12.066365377814224
2015-02-20,11.945392358162684
2015-02-23,11.845155122181731
2015-02-24,11.81609230479975
2015-02-25,11.610051665273359
2015-02-26,11.73891844881742
2015-02-27,12.071463594966442
2015-03-02,11.771672033625718
2015-03-03,11.768901184923294
2015-03-04,11.94351435706736
2015-03-05,11.902573228907166
2015-03-06,11.920827955776968
2015-03-09,11.713666331315322
2015-03-10,11.774967135044275
2015-03-11,11.961302126962151
2015-03-12,11.778438297553679
2015-03-13,12.013828854937971
2015-03-16,12.159414165511324
2015-03-17,11.995341360240179
2015-03-18,12.001548622363359
2015-03-19,11.951410443929408
2015-03-20,11.911249414301432
2015-03-25,12.066856727641431
2015-03-26,11.773440967033052
2015-03-27,11.851063992114778
2015-03-30,11.958762886597938
2015-03-31,11.98704123424161
2015-04-01,12.128393248133497
2015-04-06,12.04055762912456
2015-04-07,11.970338789562632
2015-04-08,11.802575493761823
2015-04-09,11.857451928840321
2015-04-10,11.894646946054609
2015-04-13,11.840968168213317
2015-04-14,11.983470861827067
2015-04-15,12.020517694571891
2015-04-16,12.2272725538774
2015-04-17,12.11914501860641
2015-04-20,11.928702642854795
2015-04-21,11.816940730789021
2015-04-22,11.884700728953993
2015-04-23,11.9827578977796
2015-04-24,11.9129688535955
2015-04-27,11.840949249526199
2015-04-28,11.868467372208467
2015-04-29,12.02113621207769
2015-04-30,11.887477166337757
2015-05-04,11.927223254298323
2015-05-05,11.82870314158858
2015-05-06,11.8627917532387
2015-05-07,12.091346413955192
2015-05-08,12.13339657478431
2015-05-11,12.056415173748357
2015-05-12,11.954545107754795
2015-05-13,11.972789356907763
2015-05-14,12.05578038188501
2015-05-15,11.954545107754795
2015-05-18,11.88360716481822
2015-05-19,11.725367311293239
2015-05-20,11.90368036823527
2015-05-21,11.675011570409517
2015-05-22,11.756504971603373
2015-05-26,11.542100436615032
2015-05-27,11.74641133260793
2015-05-28,11.831875836608251
2015-05-29,11.78232629677563
2015-06-01,11.670761451988099
2015-06-02,11.78603836330116
2015-06-03,11.70856617993757
2015-06-04,11.730597300429613
2015-06-05,11.730072331532442
2015-06-08,11.73752326013486
2015-06-09,11.70506853709881
2015-06-10,11.660447470739236
2015-06-11,11.786543163699376
2015-06-12,11.87529771115443
2015-06-15,11.88743293277471
2015-06-16,12.121963644251963
2015-06-17,12.208686579266049
2015-06-18,12.378378172178527
2015-06-19,12.439418826650869
2015-06-22,12.506380709120865
2015-06-23,12.340316808955983
2015-06-24,12.383419980989764
2015-06-25,12.589559482528726
2015-06-26,12.790097997785546
2015-06-29,12.619553870944857
2015-06-30,13.092069815250099
2015-07-01,13.297002240484957
2015-07-02,13.181817440020009
2015-07-06,13.368146679594803
2015-07-07,13.316194654285477
2015-07-08,13.192267923297873
2015-07-10,13.151238946881161
2015-07-13,13.346613216577255
2015-07-14,13.214800915784002
2015-07-15,13.272041882895806
2015-07-16,13.418079240638164
2015-07-17,13.275375511490745
2015-07-20,13.454902910412713
2015-07-21,13.831915925521615
2015-07-22,13.41093101874906
2015-07-23,13.490035784472918
2015-07-24,13.105490033076794
2015-07-27,13.06629785640363
2015-07-28,13.207029349917736
2015-07-29,13.369272375770933
2015-07-30,13.435551293651296
2015-07-31,13.358168791108488
2015-08-03,13.319459571303039
2015-08-04,13.34405135163148
2015-08-05,13.441422403185351
2015-08-06,13.435039196390456
2015-08-07,13.194114684249156
2015-08-10,13.231955837477974
2015-08-11,13.374583567515373
2015-08-12,13.548698501241478
2015-08-13,13.420317085613826
2015-08-14,13.463391355870364
2015-08-18,13.325301020978447
2015-08-19,13.414633744485846
2015-08-20,13.69863046737278
2015-08-21,13.64383540741385
2015-08-24,13.652073692213712
2015-08-25,13.678160780943088
2015-08-26,14.001077236014522
2015-08-27,13.691684046720761
2015-08-28,13.803681358484722
2015-08-31,13.80480217827976
2015-09-01,13.844514935768158
2015-09-02,14.111592919293319
2015-09-03,14.006259924157769
2015-09-04,13.978215665524665
2015-09-08,13.968410127023201
2015-09-09,14.071708624588089
2015-09-10,14.086914563631591
2015-09-11,14.097560789526966
2015-09-14,14.235588236812577
2015-09-15,14.002969084151735
2015-09-16,13.90293177217464
2015-09-17,14.09921699104044
2015-09-18,14.111226580826727
2015-09-21,14.216478218838322
2015-09-22,13.61111111111111
2015-09-23,13.526433244248642
2015-09-24,13.504274526059165
2015-09-25,14.00778270347535
2015-09-28,13.745705188119642
2015-09-29,14.015573639889599
2015-09-30,13.945006064555297
2015-10-01,13.877550884225714
2015-10-02,14.143426757594113
2015-10-05,13.912076213281281
2015-10-06,13.832772188929845
2015-10-07,13.734812245560905
2015-10-08,13.733469079123147
2015-10-09,13.622527462531387
2015-10-13,13.652045102541841
2015-10-14,13.660933029944623
2015-10-15,13.601895850269338
2015-10-16,13.817664349198774
2015-10-19,14.038462420187086
2015-10-20,14.017341069671602
2015-10-21,13.976665253541066
2015-10-22,13.947876725991783
2015-10-23,14.10798136780005
2015-10-26,13.8182583752204
2015-10-27,13.698630050218137
2015-10-28,13.568773426619934
2015-10-29,13.50639639914392
2015-10-30,13.532710565584843
2015-11-02,13.690705585110999
2015-11-03,13.42879278561623
2015-11-04,13.831041142520533
2015-11-05,13.807285175060308
2015-11-09,14.252061333204532
2015-11-10,14.318529986301703
2015-11-11,14.461066821732333
2015-11-12,14.398005884550852
2015-11-13,14.513036267195849
2015-11-16,14.726663954245192
2015-11-17,14.815490680926228
2015-11-18,14.83657811422826
2015-11-19,14.765223647120633
2015-11-20,14.67276588704966
2015-11-24,14.396285039965006
2015-11-25,14.370401815833397
2015-11-27,15.028431656687173
2015-11-30,14.731610258062377
2015-12-01,14.790735726584334
2015-12-02,14.5723553513422
2015-12-03,14.598841518419876
2015-12-04,15.121049325035752
2015-12-09,15.548780246691505
2015-12-10,14.980000305175782
2015-12-11,14.873036001686708
2015-12-14,14.851064479097406
2015-12-15,14.256947899577444
2015-12-16,13.870067367644525
2015-12-17,13.816295207717006
2015-12-18,14.051617964551914
2015-12-21,13.456937839979384
2015-12-22,13.859232094982188
2015-12-23,14.153490293486003
2015-12-28,13.62418661213484
2015-12-29,13.787249687474704
2015-12-30,13.685384928356322
2016-01-04,13.707522258044383
2016-01-05,13.927202276950377
2016-01-06,14.229867722613053
2016-01-07,14.454975874902031
2016-01-08,14.516782123091167
2016-01-11,14.167650616364105
2016-01-12,13.724742900598121
2016-01-13,13.78242298849115
2016-01-14,13.841368361015723
2016-01-15,13.601141048739914
2016-01-19,13.725091415441938
2016-01-20,13.57560537802191
2016-01-21,13.809139570566579
2016-01-22,13.87818013061882
2016-01-25,14.19607873056449
2016-01-26,14.050681079989252
2016-01-27,14.092446125466124
2016-01-28,13.82540306763684
2016-01-29,14.034444101197806
2016-02-01,13.9472753656986
2016-02-02,14.368230375758687
2016-02-03,14.81060569662911
2016-02-04,14.265232896500356
2016-02-05,14.41651740607986
2016-02-10,14.623655840469082
2016-02-11,14.795538959652625
2016-02-12,14.78484736055293
2016-02-16,14.761904025043789
2016-02-17,15.338923912852964
2016-02-18,15.036803537814071
2016-02-19,15.131113324560793
2016-02-22,15.134761032749518
2016-02-23,15.332640008374888
2016-02-24,15.579710917550543
2016-02-25,15.696501549014851
2016-02-26,15.508559698921923
2016-02-29,15.881147168554701
2016-03-01,15.936864298032232
2016-03-02,15.594801359588093
2016-03-03,15.507839046819752
2016-03-04,15.196248214220883
2016-03-07,15.28173932775894
2016-03-08,15.3573960277339
2016-03-09,15.17265430214225
2016-03-10,15.297849926694482
2016-03-11,14.854202334032038
2016-03-14,14.648909961136532
2016-03-15,14.531848473795765
2016-03-16,14.636239677146218
2016-03-17,14.814171646266406
2016-03-18,14.692908125531893
2016-03-21,14.591109942956232
2016-03-22,14.475476538313021
2016-03-23,14.399722567468654
2016-03-28,14.651887082585816
2016-03-29,14.700673281241027
2016-03-30,14.459746187929339
2016-03-31,14.540636973583558
2016-04-01,14.703783044201884
2016-04-04,14.748201843596584
2016-04-05,14.743826478935187
2016-04-06,14.664910220681534
2016-04-07,14.552529344594953
2016-04-08,14.473684002959688
2016-04-11,14.502496736147744
2016-04-12,14.372469314467173
2016-04-13,14.35897435897436
2016-04-14,14.307640245420867
2016-04-15,14.241907561763165
2016-04-18,14.392143248144242
2016-04-19,14.308681496516758
2016-04-20,14.271717689487014
2016-04-21,14.35050146832476
2016-04-22,14.588948380000396
2016-04-25,14.342698086558167
2016-04-26,14.27836867224669
2016-04-27,14.133057454850045
2016-04-28,14.273356589787314
2016-04-29,14.33087468250215
2016-05-02,14.090287648919475
2016-05-03,14.250177449851773
2016-05-04,14.214285441807338
2016-05-05,14.28823791099035
2016-05-06,14.179369478255955
2016-05-09,14.223989316210577
2016-05-10,14.131551642786475
2016-05-11,14.17011027154496
2016-05-12,14.064133050894162
2016-05-13,14.1633962862705
2016-05-16,14.05240512138843
2016-05-17,13.964628731839424
2016-05-18,13.922877342628354
2016-05-19,14.198473160183939
2016-05-20,13.874537987029324
2016-05-23,13.936248744281663
2016-05-24,13.961280397569276
2016-05-26,14.188942057038176
2016-05-27,13.98501598382612
2016-05-31,14.026750682207785
2016-06-01,13.948116862589014
2016-06-02,13.898540321634112
2016-06-03,13.878261400305707
2016-06-06,13.85088930130701
2016-06-07,13.957417716825702
2016-06-08,13.883300452569957
2016-06-09,13.929173614980218
2016-06-10,13.978494003420277
2016-06-13,13.899097243553058
2016-06-14,13.877887886422233
2016-06-15,13.909897878759864
2016-06-16,13.975464767615243
2016-06-21,14.011515968126165
2016-06-22,14.118214567230059
2016-06-23,14.329366040016653
2016-06-24,14.826657891107915
2016-06-27,15.106161579319215
2016-06-28,15.060241386849317
2016-06-29,14.903226052561115
2016-06-30,15.111329450686108
2016-07-01,15.033947475331502
2016-07-05,14.933159153286464
2016-07-06,14.90196009988772
2016-07-07,14.791937471209172
2016-07-11,14.677574555026947
2016-07-12,14.50835485484875
2016-07-13,14.55835975241773
2016-07-14,14.72325830185951
2016-07-15,15.04578509980697
2016-07-18,15.181933124215005
2016-07-19,15.109718288191052
2016-07-20,15.315604177906437
2016-07-21,15.240904507100417
2016-07-22,15.109799452076441
2016-07-25,15.075212095858676
2016-07-26,15.08934464269496
2016-07-27,15.188172182563768
2016-07-28,15.20636047870322
2016-07-29,15.111185314341075
2016-08-01,15.150996036589675
2016-08-02,14.926931756273229
2016-08-03,14.959294151595397
2016-08-04,15.0
2016-08-05,14.879128196878897
2016-08-08,14.72868238981076
2016-08-09,14.835900311972223
2016-08-10,14.760459143355913
2016-08-11,14.677965843071371
2016-08-12,14.712006236937441
2016-08-16,14.789711004532952
2016-08-17,14.791447510442115
2016-08-18,14.900887947049496
2016-08-19,15.048043717426486
2016-08-22,15.038864403692173
2016-08-23,15.039839965095268
2016-08-24,14.81900377592143
2016-08-25,14.988632722841375
2016-08-26,15.14900623980879
2016-08-29,15.120051568964453
2016-08-30,15.019698415986362
2016-08-31,15.070563887494371
2016-09-01,14.944043048068766
2016-09-02,14.95908409303666
2016-09-06,14.94713325675419
2016-09-07,14.952076798023475
2016-09-08,15.033112708259413
2016-09-09,15.15151467384208
2016-09-12,15.097841066632618
2016-09-13,15.05487028655624
2016-09-14,15.146749546804779
2016-09-15,15.157275496563342
2016-09-16,15.284610470607127
2016-09-19,15.210581781839412
2016-09-20,15.283614265445367
2016-09-21,15.214432280389865
2016-09-22,15.184452420071036
2016-09-23,15.225998792159343
2016-09-26,15.302013302540958
2016-09-27,15.28101138319884
2016-09-28,15.313532242313102
2016-09-29,15.27053390094569
2016-09-30,15.1076821208294
2016-10-03,15.159832678037636
2016-10-04,15.153894399739297
2016-10-05,15.123077392578125
2016-10-06,15.261170217778037
2016-10-07,15.196700771011786
2016-10-11,15.174050691169416
2016-10-12,15.130956123338345
2016-10-13,15.195922806761699
2016-10-14,15.180265251746187
2016-10-17,15.177728408442109
2016-10-18,15.20152369975996
2016-10-19,15.247895850080374
2016-10-20,15.122103453178802
2016-10-21,15.069576300186506
2016-10-24,15.164452716726101
2016-10-25,15.172855913302822
2016-10-26,15.162745148539305
2016-10-27,15.160255795007956
2016-10-28,15.164589125784548
2016-10-31,15.125240654236515
2016-11-01,15.058670242302904
2016-11-02,15.16986181249319
2016-11-03,15.022191404806179
2016-11-04,15.17615126773424
2016-11-07,15.10908593590265
2016-11-08,14.888457414387613
2016-11-09,15.195587092880546
2016-11-10,15.42006430760335
2016-11-11,15.256045606522264
2016-11-14,15.693430875422216
2016-11-15,15.634837539129334
2016-11-16,15.632709609507186
2016-11-17,15.559440351907153
2016-11-18,15.49047328493756
2016-11-21,15.574614792453964
2016-11-22,15.596015312254785
2016-11-23,15.558235979903301
2016-11-25,15.440919627893507
2016-11-29,15.65710289750788
2016-11-30,16.329533156964967
2016-12-01,15.84967322977414
2016-12-02,15.979576076625783
2016-12-05,16.071428467903353
2016-12-06,16.061185702747842
2016-12-07,16.05611886513499
2016-12-12,16.38034313833444
2016-12-13,15.810811338252524
2016-12-14,16.13155806031762
2016-12-15,15.891934794896368
2016-12-16,16.076516276197125
2016-12-19,16.09487463686862
2016-12-20,15.830522902215977
2016-12-21,16.08871078764118
2016-12-22,15.98293953402901
2016-12-23,15.639810012405297
2016-12-27,15.686274509803921
2016-12-28,15.656947638404828
2016-12-29,15.90909110290089
2016-12-30,15.861813017059221
2017-01-03,15.876105654556138
2017-01-04,16.1123035451309
2017-01-05,15.931372846928257
2017-01-06,15.788584612070677
2017-01-09,15.851206097583892
2017-01-10,15.711526103073588
2017-01-11,15.604786507420739
2017-01-12,15.793701863887756
2017-01-13,15.721077551044095
2017-01-17,15.764631023174884
2017-01-18,15.857097686017298
2017-01-19,15.763083509115047
2017-01-20,15.808823357541387
2017-01-23,15.561449679387795
2017-01-24,15.888553851746849
2017-01-25,15.81679366017116
2017-01-26,15.768025027762684
2017-01-27,15.826419346722748
2017-01-30,15.953307561449837
2017-01-31,15.915674685757097
2017-02-01,15.869218307699319
2017-02-02,15.61524025146503
2017-02-03,15.621136676026586
2017-02-06,15.682656605813332
2017-02-07,15.562913565072165
2017-02-08,15.528763395218174
2017-02-09,15.552408700406097
2017-02-10,15.405103331566616
2017-02-13,15.613220021308768
2017-02-14,15.417867096170054
2017-02-15,15.485340128626854
2017-02-16,15.503649189524404
2017-02-17,15.655691055790776
2017-02-21,15.628604465395702
2017-02-22,15.551407811737567
2017-02-23,15.50595263099455
2017-02-24,15.566472593795055
2017-03-01,15.557581586244092
2017-03-02,15.351550650442784
2017-03-03,15.55621680506953
2017-03-06,15.376505440941651
2017-03-07,15.515151746345289
2017-03-08,15.611750006787204
2017-03-09,15.39505412303089
2017-03-10,15.391433034761413
2017-03-13,15.51724171950333
2017-03-14,15.416667443125657
2017-03-15,15.51380539224219
2017-03-16,15.486226992273252
2017-03-17,15.454545553065527
2017-03-20,15.620661655616827
2017-03-21,15.540166439158535
2017-03-22,15.61393933810795
2017-03-23,15.483443910712438
2017-03-27,15.445365918079226
2017-03-28,15.506906868990447
2017-03-29,15.400625098307355
2017-03-30,15.440602974016032
2017-03-31,15.557316581176877
2017-04-03,15.419847239328769
2017-04-04,15.402010153804188
2017-04-05,15.448379271159999
2017-04-06,15.347901624317393
2017-04-07,15.368075354410765
2017-04-10,15.197955984923615
2017-04-11,15.236270549427465
2017-04-12,15.191172416871513
2017-04-17,15.133418436146622
2017-04-18,15.14533393092383
2017-04-19,15.386583809804238
2017-04-20,15.427985662917047
2017-04-21,15.499616629271976
2017-04-24,15.5354452321461
2017-04-25,15.446021839094016
2017-04-26,15.455475613074922
2017-04-27,15.48159398943754
2017-04-28,15.53621736295551
2017-05-02,15.289152909991891
2017-05-03,15.347490487880833
2017-05-04,15.202703206509069
2017-05-05,15.301465080126508
2017-05-08,15.524242096529244
2017-05-09,15.539086099619498
2017-05-10,15.671819909998543
2017-05-11,15.426155602925038
2017-05-12,15.413891922115571
2017-05-15,15.373895689029007
2017-05-16,15.620704806824376
2017-05-17,15.621397663948647
2017-05-18,16.02302836464042
2017-05-19,15.97384446832367
2017-05-22,16.256216497757386
2017-05-23,16.161136425413584
2017-05-24,16.044601155477217
2017-05-26,16.0898872975553
2017-05-30,16.22292464371915
2017-05-31,16.146767219663634
2017-06-01,16.107088439198648
2017-06-02,16.06060513483014
2017-06-05,16.059567149954308
2017-06-06,16.038764038036653
2017-06-07,15.962799941001576
2017-06-08,16.011810573374223
2017-06-09,15.78642678166782
2017-06-12,15.813075687755182
2017-06-13,15.908012799584418
2017-06-14,15.933014279835794
2017-06-15,16.056035858886524
2017-06-16,16.175772195332083
2017-06-19,16.212470712507052
2017-06-21,16.302458599357234
2017-06-22,16.12358256328871
2017-06-23,16.132974882955185
2017-06-26,16.293501265422996
2017-06-27,16.350134410724472
2017-06-28,16.511794385551088
2017-06-29,16.515730353626807
2017-06-30,16.639305338608064
2017-07-03,16.50997454535912
2017-07-05,16.846171503290858
2017-07-06,17.04953300767376
2017-07-07,16.995429888029413
2017-07-10,16.978450799302387
2017-07-11,16.943127655768233
2017-07-12,16.916587730081748
2017-07-13,17.06644372022027
2017-07-14,16.756295113038032
2017-07-17,16.891892278903637
2017-07-18,17.12165365965762
2017-07-19,17.16494839786153
2017-07-20,17.196794194162674
2017-07-21,17.380644767515122
2017-07-24,17.524959154376063
2017-07-25,17.415585208248782
2017-07-26,17.494769505606676
2017-07-27,17.47700429261225
2017-07-28,17.898104953316512
2017-07-31,17.786343341662228
2017-08-01,17.562095422219212
2017-08-02,17.608696846520317
2017-08-03,17.73667027347209
2017-08-04,17.732793063737365
2017-08-07,17.60374904581498
2017-08-08,17.69458525673487
2017-08-09,17.67040930982485
2017-08-10,17.73271599061007
2017-08-11,17.795048651460267
2017-08-14,17.3108852667104
2017-08-15,17.001181250100213
2017-08-16,17.26627146703957
2017-08-17,17.2786184698367
2017-08-18,17.389256701180212
2017-08-22,17.217147426660905
2017-08-23,17.27455791464348
2017-08-24,17.1169183598187
2017-08-25,17.19026452140024
2017-08-28,17.27434365028877
2017-08-29,17.367949405571473
2017-08-30,17.426601438962212
2017-08-31,17.36842096457301
2017-09-01,17.275097611735937
2017-09-05,16.924730526503698
2017-09-06,16.684333263352734
2017-09-07,16.533613334258693
2017-09-08,17.001511210133366
2017-09-11,17.438509879372564
2017-09-12,17.089453804770173
2017-09-13,17.172156623156535
2017-09-14,16.97638799222749
2017-09-15,17.029616739211267
2017-09-18,17.137314301784578
2017-09-19,17.15122310074
2017-09-20,17.199663812238235
2017-09-21,17.247496803837624
2017-09-22,17.20549578460165
2017-09-25,17.442802711176977
2017-09-26,17.519919444537532
2017-09-27,17.52786275066659
2017-09-28,17.505924682929653
2017-09-29,17.3069451617664
2017-10-02,17.36191650159395
2017-10-03,17.3875595165782
2017-10-04,17.33383773389691
2017-10-05,17.360206904977407
2017-10-06,17.486440595740554
2017-10-10,17.445806669701643
2017-10-11,17.38679274073187
2017-10-12,17.418032687862112
2017-10-13,17.3527257114714
2017-10-17,17.347683145481643
2017-10-18,17.281535897958587
2017-10-19,17.43818580688682
2017-10-20,17.491198701264185
2017-10-23,17.375328154067038
2017-10-24,17.518375838879578
2017-10-25,17.5110316462967
2017-10-26,17.744833296020364
2017-10-27,17.527273004705254
2017-10-30,17.664779841404155
2017-10-31,17.732239666374507
2017-11-01,17.661738585346626
2017-11-02,17.60271374076782
2017-11-03,17.70853031669525
2017-11-07,17.84095190750361
2017-11-08,17.4362321955341
2017-11-09,17.571796296850305
2017-11-10,17.606707761404348
2017-11-13,17.57751930820907
2017-11-14,17.306544501247117
2017-11-15,17.492625293491642
2017-11-16,17.548032726122894
2017-11-17,17.59446948354695
2017-11-21,17.544320661155258
2017-11-22,17.309377970306876
2017-11-24,17.319859474333388
2017-11-28,17.371898940827236
2017-11-29,17.37696037204453
2017-11-30,17.39891469761497
2017-12-01,17.178914864068336
2017-12-04,17.39354397876188
2017-12-05,17.216582508805757
2017-12-06,17.22287357179957
2017-12-07,17.070236675169603
2017-12-11,17.177867087898324
2017-12-12,17.154458057562767
2017-12-13,17.097170261831106
2017-12-14,17.370353110118987
2017-12-15,17.319760960437158
2017-12-18,17.537257328040305
2017-12-19,17.804176493014047
2017-12-20,17.83116028191525
2017-12-21,17.90504032805807
2017-12-22,17.893691666655013
2017-12-26,18.194317161604122
2017-12-27,18.32575711337003
2017-12-28,18.96052436650211
2018-01-02,18.516589591353462
2018-01-03,18.46234405742886
2018-01-04,18.68795711470379
2018-01-05,18.87272727272727
2018-01-08,19.181163908295776
2018-01-09,18.89153722631736
2018-01-10,18.709678032824296
2018-01-11,18.73278159511754
2018-01-12,18.865248226950353
2018-01-16,19.07747907205897
2018-01-17,18.955245465230277
2018-01-18,19.0312846014463
2018-01-19,18.99805697122979
2018-01-22,19.20045826653468
2018-01-23,19.36087485772448
2018-01-24,19.812987158890476
2018-01-25,19.876469444724535
2018-01-26,19.78330160295908
2018-01-29,19.83292050723199
2018-01-30,19.510542179922492
2018-01-31,19.24785103575038
2018-02-01,19.54266441099382
2018-02-02,19.52867243863611
2018-02-05,19.634703542903214
2018-02-06,19.645907935873748
2018-02-07,19.760432407412335
2018-02-08,20.351632954883822
2018-02-09,20.025445551134442
2018-02-14,19.76401114950485
2018-02-15,19.72769034390989
2018-02-16,20.08355906377694
2018-02-20,20.090910015684187
2018-02-21,20.022454175094598
2018-02-22,19.943443240213618
2018-02-23,20.186815929686592
2018-02-26,20.12632525325912
2018-02-27,20.23619587624284
2018-02-28,20.511599764911853
2018-03-01,20.21572147809268
2018-03-02,20.08986853194557
2018-03-05,20.085817102185153
2018-03-06,20.53671926592547
2018-03-07,20.348460534731515
2018-03-08,20.379417332168074
2018-03-09,20.386670720806908
2018-03-12,20.28888010853131
2018-03-13,20.277521852915758
2018-03-14,20.16819431484131
2018-03-15,20.24483644083775
2018-03-16,20.249579688216972
2018-03-19,20.22204623993968
2018-03-20,20.412630046566377
2018-03-21,20.363301716747646
2018-03-22,20.21996502519484
2018-03-23,20.212932304769033
2018-03-26,20.1438281198747
2018-03-27,20.126889852590914
2018-03-28,20.168971755652638
2018-04-03,20.171609120037836
2018-04-04,20.151947418126625
2018-04-05,20.297179241740164
2018-04-06,20.230213481849766
2018-04-09,20.281946426547563
2018-04-10,20.265830167806804
2018-04-11,20.109107629036373
2018-04-12,20.25829723911915
2018-04-13,20.24591424779788
2018-04-16,20.23193908871362
2018-04-17,20.20892821511384
2018-04-18,20.05231552118742
2018-04-19,20.226858326163352
2018-04-20,20.183838578851198
2018-04-23,20.22246054502374
2018-04-24,20.231523225785622
2018-04-25,20.271800722836048
2018-04-26,20.81928533974278
2018-04-27,20.66967097621433
2018-05-02,21.356345658387745
2018-05-03,22.802827307255935
2018-05-04,21.998088858523666
2018-05-07,21.896207642582507
2018-05-08,22.337468070468788
2018-05-09,22.61386078183014
2018-05-10,23.102656337498384
2018-05-11,24.359240974632463
2018-05-14,25.179292058171143
2018-05-15,24.409621523277355
2018-05-16,24.548422454594512
2018-05-17,24.511677428540846
2018-05-18,24.538627085497524
2018-05-21,24.512743695556928
2018-05-22,24.340240389999355
2018-05-23,24.49164158082233
2018-05-24,24.764311977841956
2018-05-29,24.975728063199533
2018-05-30,24.91662687344301
2018-05-31,25.017734869074427
2018-06-01,25.147998602753074
2018-06-04,25.049548641758594
2018-06-05,25.173209917507876
2018-06-06,25.01054471819667
2018-06-07,25.13216243882489
2018-06-08,25.490196617192378
2018-06-11,26.010153523556472
2018-06-12,25.755319798246337
2018-06-13,26.3758388173517
2018-06-14,28.27858613325098
2018-06-15,28.5214771071486
2018-06-18,27.80913839424014
2018-06-19,28.31026349804045
2018-06-21,28.078698959311254
2018-06-22,27.316530693654645
2018-06-25,27.247265124704168
2018-06-26,27.34606095822861
2018-06-27,27.346814232769756
2018-06-28,28.380681636535435
2018-06-29,28.82049859643891
2018-07-02,28.593179381724
2018-07-03,28.2479473193898
2018-07-05,28.353829069145604
2018-07-06,28.02988510308971
2018-07-10,27.120962230739693
2018-07-11,27.469979039987273
2018-07-12,27.150536653638337
2018-07-13,27.30414738442742
2018-07-16,27.356287933390288
2018-07-17,27.69579847487891
2018-07-18,27.62745608480601
2018-07-19,27.831150719306457
2018-07-20,27.72319005085799
2018-07-23,27.676537558204824
2018-07-24,27.609239105392454
2018-07-25,27.51686883876186
2018-07-26,27.552408987065448
2018-07-27,27.434841675415004
2018-07-30,27.277794146219932
2018-07-31,27.336513782212805
2018-08-01,27.652778625488278
2018-08-02,27.43084254452335
2018-08-03,27.30192674882833
2018-08-06,27.31182698666507
2018-08-07,27.283103874508658
2018-08-08,27.551927706847426
2018-08-09,28.159056355156284
2018-08-10,29.28660862183673
2018-08-13,30.178986682635202
2018-08-14,29.839500958141226
2018-08-15,30.22554094964878
2018-08-16,29.961339322473407
2018-08-17,29.94195773539573
2018-08-21,30.05281676779756
2018-08-22,30.30664251861517
2018-08-23,30.401126422919322
2018-08-24,30.568181103911268
2018-08-27,30.833335427966908
2018-08-28,31.68193048452848
2018-08-29,33.85629728201516
2018-08-30,39.904356903244114
2018-08-31,38.26666598849826
2018-09-04,39.07185602526076
2018-09-05,38.456188280867835
2018-09-06,37.81632715341996
2018-09-07,37.08315597031106
2018-09-10,37.42384756881105
2018-09-11,38.20882274953671
2018-09-12,38.621152896505954
2018-09-13,39.48356877299452
2018-09-14,40.23364486397796
2018-09-17,39.73762372441515
2018-09-18,40.05835739515804
2018-09-19,39.61168885569312
2018-09-20,38.50942641393495
2018-09-21,37.28158470931937
2018-09-24,37.43824908357754
2018-09-25,38.41115106341893
2018-09-26,38.64024486003111
2018-09-27,39.79251664937286
2018-09-28,41.54541889815704
2018-10-01,39.31607546349937
2018-10-02,38.0524620252232
2018-10-03,37.695168388042916
2018-10-04,38.884334009458975
2018-10-05,37.79983472800641
2018-10-08,37.37434411405807
2018-10-09,37.07555197545381
2018-10-10,37.53405985817711
2018-10-11,36.66820735312886
2018-10-12,37.1393739370465
2018-10-16,36.29797713983975
2018-10-17,36.23000695732858
2018-10-18,36.88196001687643
2018-10-19,36.76278015277454
2018-10-22,36.594997005487876
2018-10-23,36.99331858770227
2018-10-24,37.443438267713205
2018-10-25,37.19485955256951
2018-10-26,36.98302110912701
2018-10-29,37.06857863196677
2018-10-30,36.929824458668506
2018-10-31,36.10147525066209
2018-11-01,35.78927509381016
2018-11-02,35.738254871277434
2018-11-05,36.16861105679319
2018-11-07,36.33952396508807
2018-11-08,36.15917040528261
2018-11-09,35.728424062645
2018-11-12,36.35235749234615
2018-11-13,36.691113861964574
2018-11-14,35.339688787692396
2018-11-15,35.59772360296486
2018-11-16,35.778107330751574
2018-11-20,36.50539872699541
2018-11-21,35.88709434050713
2018-11-23,36.66164268850195
2018-11-26,37.94106048876047
2018-11-27,39.95067704605084
2018-11-28,38.07707231507741
2018-11-29,37.10852327868379
2018-11-30,36.97387645155912
2018-12-03,36.1519614603372
2018-12-04,37.58683788589898
2018-12-06,37.397211670355325
2018-12-07,37.346791394708475
2018-12-10,37.88389462006259
2018-12-11,37.4204962476453
2018-12-12,37.93041721063389
2018-12-13,37.72939727236114
2018-12-14,38.43080291061532
2018-12-17,38.552320891372595
2018-12-18,38.26452563378877
2018-12-19,39.38579711286716
2018-12-20,38.59279210901785
2018-12-21,38.62635146195566
2018-12-26,37.101787431698725
2018-12-27,38.15489727327353
2018-12-28,38.3729579342479
2018-12-31,37.46826412593343
2019-01-02,37.55266807137182
2019-01-03,37.622036393914044
2019-01-04,37.11726192717259
2019-01-07,37.61203612703943
2019-01-08,37.03115174516949
2019-01-09,37.225827610796216
2019-01-10,36.991627400798194
2019-01-11,36.99599591830937
2019-01-14,36.88064752613496
2019-01-15,36.949686421080926
2019-01-16,37.888394588209856
2019-01-17,37.5157432831271
2019-01-18,37.94038044972766
2019-01-22,37.20751236987249
2019-01-23,37.8034344472822
2019-01-24,37.272458305561706
2019-01-25,36.95398979674018
2019-01-28,37.640124605399784
2019-01-29,37.61150991316322
2019-01-30,37.26096594009702
2019-01-31,37.0720384349313
2019-02-01,37.05085735794787
2019-02-04,37.11548784531063
2019-02-05,37.26541631182993
2019-02-06,37.996618688619144
2019-02-07,37.23011369639931
2019-02-08,37.80216635365093
2019-02-11,38.11949287212467
2019-02-12,38.16648788299132
2019-02-13,38.39488379749637
2019-02-14,38.43873544179194
2019-02-15,38.757909080778575
2019-02-19,39.42042338108743
2019-02-20,39.696969696969695
2019-02-21,39.420114210301136
2019-02-22,39.15949310182149
2019-02-25,39.30065857683286
2019-02-26,39.28247193315883
2019-02-27,39.33312242381336
2019-02-28,39.51586662011329
2019-03-01,40.39917539003016
2019-03-06,41.397030112293244
2019-03-07,42.61718626890799
2019-03-08,41.63519709437616
2019-03-11,41.317802270501765
2019-03-12,41.16347705444131
2019-03-13,41.132828439335235
2019-03-14,40.83241533001887
2019-03-15,40.0070636556061
2019-03-18,40.08166229947203
2019-03-19,40.27345134379283
2019-03-20,40.70169331416623
2019-03-21,41.009240948430815
2019-03-22,41.98916383873692
2019-03-25,42.09155003411151
2019-03-26,42.366561572853016
2019-03-27,43.95876225736952
2019-03-28,43.785195414997936
2019-03-29,43.37774097279264
2019-04-01,42.5548575729288
2019-04-03,42.681427256739916
2019-04-04,43.498577975138275
2019-04-05,43.87264960522771
2019-04-08,43.4236362213528
2019-04-09,43.21824983789889
2019-04-10,43.169180155211826
2019-04-11,43.01994231221272
2019-04-12,42.13197928713275
2019-04-15,41.89290971207235
2019-04-16,42.97905356889852
2019-04-17,42.288558572138186
2019-04-22,42.68392881207301
2019-04-23,42.39706363180785
2019-04-24,44.61326178141275
2019-04-25,45.07808981689723
2019-04-26,46.64445451327613
2019-04-29,44.71582567138849
2019-04-30,44.5133121633405
2019-05-02,45.00216237701688
2019-05-03,44.58962759037068
2019-05-06,45.01442024697296
2019-05-07,44.944537574156925
2019-05-08,45.27302132406365
2019-05-09,44.579258288456515
2019-05-10,45.18608416299531
2019-05-13,45.10709951065011
2019-05-14,44.72062357918592
2019-05-15,45.19386126473081
2019-05-16,45.38097011230618
2019-05-17,45.31313776725133
2019-05-20,45.60550669847075
2019-05-21,44.95782221740835
2019-05-22,44.84929689348858
2019-05-23,45.3022736374814
2019-05-24,45.09398316843732
2019-05-28,44.9534169343384
2019-05-29,44.60726879453927
2019-05-30,44.751060451983484
2019-05-31,44.78719024390827
2019-06-03,44.83999938964844
2019-06-04,44.457013382653976
2019-06-05,44.883205833757124
2019-06-06,44.85879716190399
2019-06-07,44.92885888779237
2019-06-10,44.74606074040403
2019-06-11,43.85964814437848
2019-06-12,43.168689069657894
2019-06-13,43.55359952265309
2019-06-14,44.24012045630734
2019-06-18,43.5992843950491
2019-06-19,43.45565834498838
2019-06-21,42.924112339645525
2019-06-24,42.50291777613379
2019-06-25,42.47698533547334
2019-06-26,42.717295731499625
2019-06-27,42.93718866372313
2019-06-28,42.70422707141285
2019-07-01,42.29794538096645
2019-07-02,42.15900028135081
2019-07-03,41.412892671794026
2019-07-05,41.93680975204259
2019-07-10,41.8421052631579
2019-07-11,41.74795803571554
2019-07-12,41.75911345872731
2019-07-15,42.31948914746778
2019-07-16,42.632016796902846
2019-07-17,42.57866737571241
2019-07-18,42.558006012196024
2019-07-19,42.53581388475418
2019-07-22,42.38805970149254
2019-07-23,42.79372660125272
2019-07-24,43.046556280218184
2019-07-25,43.464818543043975
2019-07-26,43.59967981823201
2019-07-29,43.84655746783204
2019-07-30,43.856383135222714
2019-07-31,44.10723888092112
2019-08-01,44.817847396811146
2019-08-02,44.86008111078929
2019-08-05,45.73063313673316
2019-08-06,45.484143625297364
2019-08-07,45.62825765087547
2019-08-08,45.479254214148916
2019-08-09,45.729633593163165
2019-08-12,55.16418001545009
2019-08-13,58.32849835755471
2019-08-14,61.791313280864
2019-08-15,58.32856641727746
2019-08-16,56.73619099462642
2019-08-20,55.713339868794826
2019-08-21,55.388067754308054
2019-08-22,55.78778066619455
2019-08-23,55.00340732456953
2019-08-26,55.197133371184066
2019-08-27,56.60450592222864
2019-08-28,59.41915094838196
2019-08-29,58.151259803812366
2019-08-30,63.79151342481334
2019-09-03,61.91222767963556
2019-09-04,60.9502238113917
2019-09-05,63.100437732354
2019-09-06,64.91901491699537
2019-09-09,64.23728968349894
2019-09-10,66.93277653711068
2019-09-11,66.34775121700581
2019-09-12,68.59083606394799
2019-09-13,72.41688916925028
2019-09-16,69.78022280992278
2019-09-17,69.70074840842217
2019-09-18,69.55236267976036
2019-09-19,67.94767096035865
2019-09-20,68.52941652600639
2019-09-23,67.39679930184933
2019-09-24,65.32257953526592
2019-09-25,63.91585938056382
2019-09-26,64.07258015517513
2019-09-27,62.930376373743435
2019-09-30,62.73077157827524
2019-10-01,66.02664458367558
2019-10-02,66.52703557713602
2019-10-03,65.25553416638351
2019-10-04,66.46928314611152
2019-10-07,65.6811394124124
2019-10-08,66.79779801027972
2019-10-09,67.60784074371936
2019-10-10,67.55040674315387
2019-10-11,69.14241971701868
2019-10-15,68.35347550187832
2019-10-16,68.87159328619238
2019-10-17,73.38129606090585
2019-10-18,74.38049668211298
2019-10-21,74.72741106541464
2019-10-22,78.83683164128041
2019-10-23,76.59574480876876
2019-10-24,78.46215487087237
2019-10-25,79.5365307469705
2019-10-28,81.56028561870087
2019-10-29,75.50482652128841
2019-10-30,78.640354847167
2019-10-31,79.67127606486272
2019-11-01,79.72858380334216
2019-11-04,80.90111423991664
2019-11-05,79.2981077537631
2019-11-06,79.22131396467668
2019-11-07,79.74583026930429
2019-11-08,78.48509486177794
2019-11-11,76.10062973243062
2019-11-12,77.13338925273017
2019-11-13,76.68102933025263
2019-11-14,76.42276495606032
2019-11-15,76.64076043585716
2019-11-19,76.26689348650115
2019-11-20,74.72089093562981
2019-11-21,73.60126447148217
2019-11-22,74.37205785105284
2019-11-25,73.73145499949041
2019-11-26,70.62015594423741
2019-11-27,72.38751954496031
2019-11-29,74.66317557137478
2019-12-02,74.82490168991083
2019-12-03,73.97047225700628
2019-12-04,76.34127896110617
2019-12-05,78.9871531487112
2019-12-06,79.45652174664205
2019-12-09,76.08540930581131
2019-12-10,75.169810169148
2019-12-11,76.66666546253242
2019-12-12,74.03294999406003
2019-12-13,73.62711760957362
2019-12-16,75.50103523421205
2019-12-17,73.93397543468757
2019-12-18,73.63083286461004
2019-12-19,73.51351462810727
2019-12-20,73.23333231608073
2019-12-23,71.87882243051311
2019-12-26,73.60704141687484
2019-12-27,73.66016832293528
2019-12-30,74.64701758132752
2020-01-02,74.95429685783779
2020-01-03,76.45569721106398
2020-01-06,78.20914178927333
2020-01-07,78.13484618410986
2020-01-08,78.49126829163882
2020-01-09,78.28829374773395
2020-01-10,81.82650585283355
2020-01-13,81.46606973899179
2020-01-14,81.22171904138656
2020-01-15,82.36682545804983
2020-01-16,82.5032763024435
2020-01-17,81.02564002243335
2020-01-21,82.0291761101294
2020-01-22,83.23313042856161
2020-01-23,83.43642607179063
2020-01-24,83.80986555986819
2020-01-27,83.41817959872161
2020-01-28,84.35986376118727
2020-01-29,84.94101514363355
2020-01-30,83.69271945498157
2020-01-31,85.15679003468185
2020-02-03,83.96972124770738
2020-02-04,85.33783880004573
2020-02-05,84.69110921714278
2020-02-06,84.32432529959387
2020-02-07,84.61281967507844
2020-02-10,84.32288422673552
2020-02-11,83.76535083896017
2020-02-12,82.54557497383513
2020-02-13,85.19882002817202
2020-02-14,84.62653899279684
2020-02-18,82.22627963081806
2020-02-19,81.22781810419025
2020-02-20,80.67784316063255
2020-02-21,79.77915824715053
2020-02-26,81.27819317583653
2020-02-27,82.31005540899125
2020-02-28,81.24999537875395
2020-03-02,81.30733875722235
2020-03-03,81.01851828004543
2020-03-04,80.61901546512601
2020-03-05,82.29719977641071
2020-03-06,83.59247078045755
2020-03-09,86.24498112136588
2020-03-10,84.26762514668349
2020-03-11,87.59842651244676
2020-03-12,90.37801335974345
2020-03-13,87.40499420909491
2020-03-16,92.64706269306814
2020-03-17,87.04188633787246
2020-03-18,90.70724049000037
2020-03-19,91.88524608745334
2020-03-20,89.64757672544508
2020-03-25,87.27034251801813
2020-03-26,83.43949145954268
2020-03-27,88.27893474858229
2020-03-30,86.10698454487877
2020-04-01,88.58615885686051
2020-04-02,89.23611347506082
2020-04-03,88.62398051697981
2020-04-06,91.2268169399762
2020-04-07,90.76479521494932
2020-04-08,93.8888892568188
2020-04-13,102.56223108967136
2020-04-14,108.28651645135102
2020-04-15,109.30079064382579
2020-04-16,106.41710998816386
2020-04-17,103.47885301992099
2020-04-20,106.76229466281784
2020-04-21,110.3649628126181
2020-04-22,111.91904148726294
2020-04-23,113.6507877879434
2020-04-24,111.96721986813185
2020-04-27,117.62226310138274
2020-04-28,116.7621773313665
2020-04-29,110.36096636532216
2020-04-30,113.27247587384764
2020-05-04,115.36826856711716
2020-05-05,121.08695927098925
2020-05-06,119.3793145541487
2020-05-07,119.89795685013057
2020-05-08,116.48147411198208
2020-05-11,118.89897277048871
2020-05-12,121.30585003301265
2020-05-13,125.7881490028962
2020-05-14,123.52245807186668
2020-05-15,122.44047993435088
2020-05-18,119.96625130164739
2020-05-19,120.08244958387674
2020-05-20,119.63470355426567
2020-05-21,118.33688554983136
2020-05-22,114.98422275745646
2020-05-26,114.0608604344132
2020-05-27,111.43892673530226
2020-05-28,113.59003841266254
2020-05-29,116.29213341343721
2020-06-01,116.70575166252941
2020-06-02,114.96271885123588
2020-06-03,115.50196873675321
2020-06-04,115.37327448657103
2020-06-05,116.92381999815518
2020-06-08,116.08695652173913
2020-06-09,117.08448757141932
2020-06-10,117.67956454140425
2020-06-11,116.83367116467147
2020-06-12,111.25581253406614
2020-06-16,112.463902418652
2020-06-17,109.29422700007349
2020-06-18,109.96784492294657
2020-06-19,111.49705867998976
2020-06-22,111.82740838578863
2020-06-23,109.22851657633147
2020-06-24,110.05976137434727
2020-06-25,108.95032724346297
2020-06-26,108.12928610518944
2020-06-29,106.29235611103978
2020-06-30,106.39175152319983
2020-07-01,108.44420878614154
2020-07-02,111.11713013133918
2020-07-06,108.25972292895965
2020-07-07,110.10100803109346
2020-07-08,109.65548492870313
2020-07-13,111.24338609209836
2020-07-14,113.4871307283499
2020-07-15,112.92807401557626
2020-07-16,114.72632530484849
2020-07-17,117.18611884939486
2020-07-20,118.91643334924542
2020-07-21,118.57394455911576
2020-07-22,116.38210705420475
2020-07-23,114.71531675102516
2020-07-24,116.23896860010173
2020-07-27,118.1675712507457
2020-07-28,119.55810385513078
2020-07-29,118.46590954832371
2020-07-30,121.36964314561135
2020-07-31,124.45833841959636
2020-08-03,124.1145375031873
2020-08-04,122.37547480008831
2020-08-05,122.17391914017628
2020-08-06,123.40426420942839
2020-08-07,126.18676193217229
2020-08-10,127.77331375387766
2020-08-11,130.4806108597776
2020-08-12,130.3228670212682
2020-08-13,130.05203852645818
2020-08-14,127.57256333483724
2020-08-18,128.79925423740943
2020-08-19,133.269043850902
2020-08-20,134.4390273675686
2020-08-21,134.32246059678883
2020-08-24,134.39362953167105
2020-08-25,131.710910465455
2020-08-26,129.7310761901243
2020-08-27,126.06061400059455
2020-08-28,125.51886628640852
2020-08-31,129.0900359035764
2020-09-01,126.87500171936483
2020-09-02,124.48071488410216
2020-09-03,122.27626479899878
2020-09-04,123.87032877593191
2020-09-08,124.85380433317624
2020-09-09,127.86965015829789
2020-09-10,129.95121653487044
2020-09-11,131.00616167619526
2020-09-14,131.48751137083175
2020-09-15,129.2802639753846
2020-09-16,129.00718050625736
2020-09-17,129.50507813412412
2020-09-18,136.70482840080896
2020-09-21,139.07894509816103
2020-09-22,144.0689613079203
2020-09-23,150.4373104077076
2020-09-24,145.01965906456175
2020-09-25,145.27026839810102
2020-09-28,146.61134124531267
2020-09-29,149.72066931955072
2020-09-30,146.27072496374325
2020-10-01,146.83287847438848
2020-10-02,150.13717081065852
2020-10-05,151.4045011017483
2020-10-06,152.24312484991017
2020-10-07,150.84985957956064
2020-10-08,151.655168204472
2020-10-09,152.69122369045888
2020-10-13,158.7628919843743
2020-10-14,163.01058672250207
2020-10-15,167.225606562675
2020-10-16,169.0828390262703
2020-10-19,167.41654674800165
2020-10-20,172.08774236366227
2020-10-21,177.19569191939527
2020-10-22,181.66667160361712
2020-10-23,178.64661856849756
2020-10-26,166.9642863858517
2020-10-27,166.74528431677368
2020-10-28,160.0490176141468
2020-10-29,159.35024399931413
2020-10-30,153.99360703074274
2020-11-02,155.40345473327866
2020-11-03,154.3971567790483
2020-11-04,152.9202261620987
2020-11-05,152.92553230276903
2020-11-06,151.44546383440854
2020-11-09,151.17429016689886
2020-11-10,146.30681501070336
2020-11-11,151.44577597547382
2020-11-12,150.56890110192185
2020-11-13,145.94430957791482
2020-11-16,147.96893687872304
2020-11-17,147.61905173312314
2020-11-18,151.4041591613814
2020-11-19,149.99999771026575
2020-11-20,152.89409270395683
2020-11-24,149.43311520645645
2020-11-25,149.71460099290994
2020-11-27,150.05513856982913
2020-11-30,151.68410140670844
2020-12-01,149.15349776214825
2020-12-02,145.77850725498334
2020-12-03,148.27201342331114
2020-12-04,143.39206832845466
2020-12-09,141.92263997883038
2020-12-10,138.3262243251407
2020-12-11,143.15906587863535
2020-12-14,144.2111203182955
2020-12-15,141.55628483450542
2020-12-16,140.76327493027574
2020-12-17,142.1910207594548
2020-12-18,139.6334569505055
2020-12-21,141.263279520357
2020-12-22,142.78107011741028
2020-12-23,144.5339522888459
2020-12-28,144.52134019509512
2020-12-29,140.6352598981835
2020-12-30,141.61035853535816
2021-01-04,148.85266180530783
2021-01-05,150.97681057523565
2021-01-06,148.07460510024077
2021-01-07,148.91827652704814
2021-01-08,149.2092427512923
2021-01-11,151.4483616289742
2021-01-12,149.75339345205543
2021-01-13,149.62961881521633
2021-01-14,146.5537971457579
2021-01-15,150.06250381469724
2021-01-19,150.321328784544
2021-01-20,149.74619071864322
2021-01-21,150.85414065392604
2021-01-22,151.2032061306469
2021-01-25,152.16802345573572
2021-01-26,151.41388158736262
2021-01-27,154.08560630864832
2021-01-28,154.19354838709677
2021-01-29,155.09382889625496
2021-02-01,151.59033015512676
2021-02-02,153.21335955488175
2021-02-03,152.12081655848246
2021-02-04,153.9276682069735
2021-02-05,152.59974602512722
2021-02-08,152.76773831269892
2021-02-09,153.5066383570326
2021-02-10,154.92004326607997
2021-02-11,151.08433571587216
2021-02-12,149.57729766698773
2021-02-17,146.06025652402178
2021-02-18,147.53439215239803
2021-02-19,146.58168982909118
2021-02-22,149.50187676698454
2021-02-23,143.2704456082337
2021-02-24,144.85294014524837
2021-02-25,150.84967331668537
2021-02-26,151.20805961066276
2021-03-01,151.91040939893136
2021-03-02,149.73924032816342
2021-03-03,154.32691653326034
2021-03-04,153.51826657365658
2021-03-05,154.35393720831394
2021-03-08,153.71668543474507
2021-03-09,154.45062888453992
2021-03-10,148.3225767074093
2021-03-11,148.1552098856956
2021-03-12,150.2518919294831
2021-03-15,149.8783369173465
2021-03-16,150.24999618530276
2021-03-17,149.25650743889634
2021-03-18,151.08973793886287
2021-03-19,149.8737320767631
2021-03-22,148.41771972731433
2021-03-23,147.9060930953133
2021-03-25,146.9078985880287
2021-03-26,143.9869283041994
2021-03-29,143.8735108733948
2021-03-30,146.42857505571874
2021-03-31,146.38633320816098
2021-04-05,147.13167842450517
2021-04-06,149.1666610628113
2021-04-07,150.1287024610382
2021-04-08,150.38961807819754
2021-04-09,151.13181962831845
2021-04-12,150.54644038789792
2021-04-13,151.30315998481967
2021-04-14,150.13623250319498
2021-04-15,152.36111090874968
2021-04-16,150.6105857850765
2021-04-19,151.6846386718273
2021-04-20,152.08622754363938
2021-04-21,153.04287860853773
2021-04-22,151.59944246528656
2021-04-23,152.0833373621659
2021-04-26,154.18353893745493
2021-04-27,154.72797952663785
2021-04-28,155.90500326440642
2021-04-29,156.22541960731868
2021-04-30,155.87450409570664
2021-05-03,157.85519172403528
2021-05-04,157.87293738284885
2021-05-05,159.13460870239578
2021-05-06,157.43967338828085
2021-05-07,156.7807338928908
2021-05-10,156.8639825619331
2021-05-11,156.36942865128034
2021-05-12,156.24187338342747
2021-05-13,157.53768960417125
2021-05-14,157.142851254969
2021-05-17,159.1705529450208
2021-05-18,160.3325401149166
2021-05-19,161.81054493909977
2021-05-20,162.98245964312505
2021-05-21,164.21628361325548
2021-05-26,164.741259908142
2021-05-27,162.5437666420069
2021-05-28,163.73872975522897
2021-06-01,165.20307977145734
2021-06-02,166.37265597990614
2021-06-03,167.5560319290572
2021-06-04,166.01208563668567
2021-06-07,165.62194463439573
2021-06-08,165.40429737145115
2021-06-09,165.47502087855543
2021-06-10,164.19634308593027
2021-06-11,164.27851216796063
2021-06-14,163.01978977997314
2021-06-15,163.85303376404937
2021-06-16,165.16633917939407
2021-06-17,167.35621458846498
2021-06-18,167.16648668159806
2021-06-22,169.55851927861488
2021-06-23,170.1983343948518
2021-06-24,170.33543045050115
2021-06-25,169.02174263460205
2021-06-28,168.06768505758902
2021-06-29,168.80681799093554
2021-06-30,170.06961490696975
2021-07-01,170.58823529411765
2021-07-02,171.98124447905846
2021-07-06,174.36821489735607
2021-07-07,175.6626502424803
2021-07-08,175.0922559652445
2021-07-12,172.66899209072756
2021-07-13,173.99999281939338
2021-07-14,173.12647162053946
2021-07-15,173.47305327669918
2021-07-16,174.6332527801121
2021-07-19,176.82618751218743
2021-07-20,177.708594886144
2021-07-21,177.74462400252554
2021-07-22,181.65024886554448
2021-07-23,181.5558353292788
2021-07-26,181.7791421236912
2021-07-27,181.9530212260314
2021-07-28,180.44794058308986
2021-07-29,182.67327660544817
2021-07-30,182.5224124150569
2021-08-02,182.7342834410675
2021-08-03,181.54613191146288
2021-08-04,180.33919894952055
2021-08-05,179.93826313074072
2021-08-06,177.10108796698825
2021-08-09,176.21951629404944
2021-08-10,177.1344954031226
2021-08-11,178.64524158672572
2021-08-12,176.06200394017495
2021-08-13,177.59435640700482
2021-08-17,178.2452025136655
2021-08-18,178.87668804147074
2021-08-19,179.81927297616815
2021-08-20,179.5906428378224
2021-08-23,177.39954941017479
2021-08-24,174.53799178116796
2021-08-25,174.5553319111775
2021-08-26,176.96517684395297
2021-08-27,176.39296678677556
2021-08-30,174.4535619650347
2021-08-31,175.13915373699237
2021-09-01,176.01895127103992
2021-09-02,177.02702700214772
2021-09-03,177.8210192607892
2021-09-07,178.04659468191542
2021-09-08,178.11372514658433
2021-09-09,179.66728223613188
2021-09-10,181.0605959759822
2021-09-13,178.50953265247819
2021-09-14,178.55871978214142
2021-09-15,178.53901254730727
2021-09-16,179.90063178556093
2021-09-17,180.3734164923475
2021-09-20,183.82502375454303
2021-09-21,186.21228235310463
2021-09-22,190.4123717320309
2021-09-23,191.55369554261185
2021-09-24,193.2302748279904
2021-09-27,194.3240569720534
2021-09-28,195.93749857197204
2021-09-29,195.6967167221902
2021-09-30,192.50249451660923
2021-10-01,193.06640758513825
2021-10-04,193.74384363273452
2021-10-05,189.81570221460558
2021-10-06,192.32649931965636
2021-10-07,191.9843623507635
2021-10-12,190.38646936143994
2021-10-13,191.30224182048178
2021-10-14,192.9263682084894
2021-10-15,194.78584860943803
2021-10-18,196.56451991665045
2021-10-19,196.74908846377215
2021-10-20,194.36379621014223
2021-10-21,198.50878124935693
2021-10-22,200.61349426608538
2021-10-25,199.4537930353563
2021-10-26,200.9409771841774
2021-10-27,203.17892125144934
2021-10-28,205.2018034794488
2021-10-29,207.00846724622193
2021-11-01,213.15790187422093
2021-11-02,215.93356879557186
2021-11-03,213.9574416140293
2021-11-04,216.0052854076394
2021-11-05,215.46889517205082
2021-11-08,216.1480173079451
2021-11-09,210.59602276755342
2021-11-10,212.19110281590795
2021-11-11,215.23568559348925
2021-11-12,216.015621714501
2021-11-15,210.5794546741385
2021-11-16,211.71428862072173
2021-11-17,211.7793182556103
2021-11-18,215.9470187568747
2021-11-19,218.7891521636162
2021-11-23,216.19869546419736
2021-11-24,219.91246438720427
2021-11-26,212.51366672677077
2021-11-29,213.1968085435332
2021-11-30,218.14516065236592
2021-12-01,221.68610422739644
2021-12-02,217.8908706346258
2021-12-03,223.39149879953516
2021-12-06,222.3109609878156
2021-12-07,221.18379799455067
2021-12-09,210.09221131468107
2021-12-10,208.35945690189172
2021-12-13,206.48350112061965
2021-12-14,208.52090529758416
2021-12-15,200.99999678762336
2021-12-16,204.2051344651442
2021-12-17,209.09575641290206
2021-12-20,207.19577460709374
2021-12-21,210.22129063391307
2021-12-22,208.0712796579968
2021-12-23,205.62436390953735
2021-12-27,197.14287056543776
2021-12-28,200.9885544192287
2021-12-29,199.99999225442207
2021-12-30,200.5646927043913
2022-01-03,207.47423088377002
2022-01-04,204.82865800199588
2022-01-05,210.403036465679
2022-01-06,210.46385811137515
2022-01-07,211.08741746726676
2022-01-10,212.297727436396
2022-01-11,210.41009599117845
2022-01-12,208.67293972459237
2022-01-13,208.6659499417177
2022-01-14,208.32455396882278
2022-01-18,212.0650956050491
2022-01-19,212.27778116861978
2022-01-20,221.12993052294325
2022-01-21,224.67376873070594
2022-01-24,219.79418646618416
2022-01-25,231.1915703216122
2022-01-26,228.94131939585992
2022-01-27,230.12672001968875
2022-01-28,220.5666346673733
2022-01-31,223.24380092009864
2022-02-01,222.62395992361152
2022-02-02,219.49947513107801
2022-02-03,220.21505252848283
2022-02-04,219.35483421090169
2022-02-07,221.3447133720103
2022-02-08,217.18415716225735
2022-02-09,214.49354394326872
2022-02-10,216.84724141166126
2022-02-11,218.3277959318555
2022-02-14,215.94445122612845
2022-02-15,214.50381168125193
2022-02-16,210.03085214820533
2022-02-17,212.19512155655826
2022-02-18,208.88428778264426
2022-02-22,204.85771206690058
2022-02-23,208.74506164910835
2022-02-24,205.31593928356583
2022-02-25,201.82001938784137
2022-03-02,205.1061668976281
2022-03-03,205.85585446261362
2022-03-04,203.12825855293698
2022-03-07,203.62240064854043
2022-03-08,201.01279397798396
2022-03-09,193.6683423539424
2022-03-10,193.78641010420694
2022-03-11,193.39250440227897
2022-03-14,188.55846936811582
2022-03-15,188.82174646285765
2022-03-16,195.1231630493752
2022-03-17,194.3116627712809
2022-03-18,194.83429769696025
2022-03-21,195.30651541367044
2022-03-22,199.08828736019112
2022-03-23,200.29210105121464
2022-03-25,199.71962687625398
2022-03-28,194.57437620642258
2022-03-29,191.4873760368309
2022-03-30,191.82825619901516
2022-03-31,190.6018541371053
2022-04-01,188.78378004525052
2022-04-04,189.14622676729013
2022-04-05,189.12430157050045
2022-04-06,189.5337703236522
2022-04-07,190.73713471662046
2022-04-08,190.5825237055191
2022-04-11,191.78356981527006
2022-04-12,193.3534683779662
2022-04-13,191.07321454141896
2022-04-18,190.2270432095424
2022-04-19,191.69960691089713
2022-04-20,194.5219161292829
2022-04-21,202.41850196320522
2022-04-22,208.53131893154696
2022-04-25,208.49461281695187
2022-04-26,214.88163310331538
2022-04-27,208.69802279531947
2022-04-28,205.17241311980484
2022-04-29,204.73047632516662
2022-05-02,210.2957985275659
2022-05-03,207.04148150184136
2022-05-04,204.03660261581882
2022-05-05,202.2421438940575
2022-05-06,204.1479871591817
2022-05-09,204.1474547444197
2022-05-10,199.0406466557945
2022-05-11,198.2359527027993
2022-05-12,200.88105223467528
2022-05-13,212.23815488092
2022-05-16,212.23060626660646
2022-05-17,209.90516517659657
2022-05-19,209.6112325117659
2022-05-20,210.8048548858829
2022-05-23,209.57218069914214
2022-05-24,211.97859771326245
2022-05-26,213.63152158579274
2022-05-27,211.46055829801873
2022-05-31,211.72638348786964
2022-06-01,211.83332655164932
2022-06-02,208.54189624292775
2022-06-03,209.49507496812097
2022-06-06,209.64125381229167
2022-06-07,210.94808254944928
2022-06-08,210.33683312991602
2022-06-09,221.99748355363894
2022-06-10,229.4642734631855
2022-06-13,242.9362866945852
2022-06-14,241.78081560054372
2022-06-15,238.81491429757128
2022-06-16,240.692922123488
2022-06-21,239.22764270191695
2022-06-22,235.9731645001191
2022-06-23,236.78082409216412
2022-06-24,237.6223659165607
2022-06-27,243.347343486047
2022-06-28,249.64789067722228
2022-06-29,249.72106157118174
2022-06-30,254.9927653243459
2022-07-01,254.05027621925137
2022-07-05,273.46491064183397
2022-07-06,279.1479796751905
2022-07-07,288.4902815384834
2022-07-08,298.5029925458501
2022-07-11,298.3231686818004
2022-07-12,293.3744231298799
2022-07-13,293.2753181473277
2022-07-14,297.4755665606054
2022-07-15,303.10015111720145
2022-07-18,302.49609752294623
2022-07-19,306.55609066444737
2022-07-20,315.7762956995496
2022-07-21,336.17202676946187
2022-07-22,327.1915715004951
2022-07-25,331.81115299962306
2022-07-26,330.50848623226335
2022-07-27,330.8650853618897
2022-07-28,311.7726631381577
2022-07-29,289.55128279585017
2022-08-01,280.8483214750228
2022-08-02,288.44190077158703
2022-08-03,288.49105006552236
2022-08-04,292.3429450349673
2022-08-05,284.50704043047955
2022-08-08,282.96160438515295
2022-08-09,286.2644429935972
2022-08-10,286.99346446375796
2022-08-11,283.94904026042485
2022-08-12,285.006206564683
2022-08-16,282.7250442176536
2022-08-17,285.45007373631387
2022-08-18,293.2598131452787
2022-08-19,301.98208275270895
2022-08-22,297.83415367423106
2022-08-23,298.4633556281946
2022-08-24,297.3684144188861
2022-08-25,294.6100757219571
2022-08-26,293.0206096226832
2022-08-29,292.16589537709683
2022-08-30,294.9352186655075
2022-08-31,295.86930592615124
2022-09-01,289.9276323395678
2022-09-06,283.92855793021914
2022-09-07,281.8936994231802
2022-09-08,283.0717464577735
2022-09-09,278.203774546594
2022-09-12,276.8409787243094
2022-09-13,278.85681866534287
2022-09-14,278.7107397165386
2022-09-15,290.811742429659
2022-09-16,293.3823547815115
2022-09-19,291.7564739124336
2022-09-20,294.7368324188203
2022-09-21,304.2420900052776
2022-09-22,308.45713588169644
2022-09-23,308.13399124695775
2022-09-26,308.19568815600707
2022-09-27,304.9933369787141
2022-09-28,306.5045938340633
2022-09-29,307.3803118121886
2022-09-30,313.8069770863766
2022-10-03,311.270243163206
2022-10-04,310.0371826639729
2022-10-05,311.7758202364764
2022-10-06,310.48906125123665
2022-10-11,309.4251288209366
2022-10-12,310.5371760889949
2022-10-13,314.9659904812922
2022-10-14,315.2933028086508
2022-10-17,307.5838922995726
2022-10-18,305.3020171428403
2022-10-19,305.75635918541917
2022-10-20,305.10472536270044
2022-10-21,304.5918346990501
2022-10-24,306.7741935483871
2022-10-25,308.05837116059865
2022-10-26,307.3359120179595
2022-10-27,306.1146572880187
2022-10-28,309.65833083061716
2022-10-31,307.86080779653315
2022-11-01,303.2967113837862
2022-11-02,304.9107122438642
2022-11-03,307.0610712516641
2022-11-04,303.87986233669073
2022-11-07,305.9845567356747
2022-11-08,305.6994901733556
2022-11-09,306.6037704323435
2022-11-10,312.07827903095364
2022-11-11,311.6036474871615
2022-11-14,307.9427152163894
2022-11-15,318.23607183317836
2022-11-16,322.7027026678716
2022-11-17,334.53536154242863
2022-11-18,331.41290448251783
2022-11-22,329.3315094257632
2022-11-23,323.8726766362313
2022-11-25,325.5483910345262
2022-11-28,319.7452268144307
2022-11-29,321.96969386813913
2022-11-30,321.60492312561206
2022-12-01,323.49323037873774
2022-12-02,325.8515783483452
2022-12-05,332.13351365767124
2022-12-06,339.44953619306466
2022-12-07,336.98113248287973
2022-12-12,331.18555724196415
2022-12-13,335.1706006984351
2022-12-14,329.59582860122714
2022-12-15,334.07021064358815
2022-12-16,333.78907790805323
2022-12-19,331.030149167362
2022-12-20,315.0525199704083
2022-12-21,334.45567351670996
2022-12-22,328.49162711226876
2022-12-23,332.4353543932992
2022-12-27,337.0726619364011
2022-12-28,345.8462968173125
2022-12-29,341.6753567471468
2022-12-30,341.2127601433511
2023-01-03,343.97905072159193
2023-01-04,340.59655653191186
2023-01-05,339.96210770324075
2023-01-06,335.5855740526362
2023-01-09,330.1754442909457
2023-01-10,328.75648939140257
2023-01-11,331.79983431159997
2023-01-12,343.8132098657865
2023-01-13,350.460123724616
2023-01-17,359.3749940222087
2023-01-18,354.0322689558543
2023-01-19,353.3359193764199
2023-01-20,360.80000443892044
2023-01-23,362.44478274835456
2023-01-24,357.72358429582425
2023-01-25,360.782908907542
2023-01-26,366.9064848894761
2023-01-27,372.69639028502627
2023-01-30,370.46713353667815
2023-01-31,365.67165220094523
2023-02-01,364.46469037156805
2023-02-02,365.57501585401826
2023-02-03,369.0186559735514
2023-02-06,358.8836402647586
2023-02-07,363.84977286059245
2023-02-08,364.68773343237234
2023-02-09,370.0787457155054
2023-02-10,370.2977990004357
2023-02-13,367.8966737881386
2023-02-14,372.84482554268664
2023-02-15,366.7751285598497
2023-02-16,369.17563228778954
2023-02-17,373.30826532309015
2023-02-22,366.3897390404163
2023-02-23,367.0605623339918
2023-02-24,366.5427561273221
2023-02-27,365.4266948256804
2023-02-28,368.168172021085
2023-03-01,365.20119472224417
2023-03-02,376.60257791626435
2023-03-03,370.7165064979089
2023-03-06,374.80828330504613
2023-03-07,375.84846830271124
2023-03-08,375.41728098341633
2023-03-09,388.53501886657784
2023-03-10,396.84031656123454
2023-03-13,394.89793231231243
2023-03-14,392.94814840526385
2023-03-15,396.0232504123879
2023-03-16,400.0918963366548
2023-03-17,404.1666946039663
2023-03-20,402.72374586953714
2023-03-21,398.82353357472954
2023-03-22,397.1601460737832
2023-03-23,391.1153031918164
2023-03-27,391.95712471017976
2023-03-28,393.684212991956
2023-03-29,395.7007804631086
2023-03-30,402.5000188225201
2023-03-31,403.3242482388292
2023-04-03,405.8538747595562
2023-04-04,407.12352911432635
2023-04-05,407.4391342529196
2023-04-10,402.3809537274313
2023-04-11,398.2403668658333
2023-04-12,398.94823608439833
2023-04-13,401.9694571224104
2023-04-14,401.92459724676536
2023-04-17,409.31940255882694
2023-04-18,424.1114563323088
2023-04-19,431.3573808368
2023-04-20,436.18366048165615
2023-04-21,454.5883316719007
2023-04-24,461.41024306550383
2023-04-25,465.1332819294955
2023-04-26,468.0156751192591
2023-04-27,460.01741867932384
2023-04-28,453.68923927588304
2023-05-02,457.28705872364554
2023-05-03,447.876104036245
2023-05-04,451.8755536197044
2023-05-05,436.7495768990306
2023-05-08,437.3009210910866
2023-05-09,431.3426767751952
2023-05-10,430.08097814394745
2023-05-11,433.294127221201
2023-05-12,447.7804458592794
2023-05-15,443.30611248405614
2023-05-16,462.5550505329736
2023-05-17,461.57093999745473
2023-05-18,476.7129550248671
2023-05-19,474.22410128941686
2023-05-22,471.15217027171497
2023-05-23,475.74171936493946
2023-05-24,471.76868792095274
2023-05-30,470.8092820627716
2023-05-31,490.77505763221865
2023-06-01,494.04464868026935
2023-06-02,494.3316437214663
2023-06-05,492.7818161764512
2023-06-06,489.51903049183585
2023-06-07,489.2413961476293
2023-06-08,488.5558564696797
2023-06-09,488.7238131568544
2023-06-12,494.0753128345616
2023-06-13,494.8287281377393
2023-06-14,489.5042017245355
2023-06-15,500.3759233566133
2023-06-16,508.29872990033965
2023-06-21,508.96070283014114
2023-06-22,511.0000147964015
2023-06-23,516.0309827062139
2023-06-26,512.6351894430368
2023-06-27,509.8091764280377
2023-06-28,506.6982485294365
2023-06-29,500.8410810152981
2023-06-30,514.9999700590635
2023-07-03,530.9358845453519
2023-07-05,527.6376055207242
2023-07-06,529.4227139048196
2023-07-07,518.1133091544226
2023-07-10,517.5449666627842
2023-07-11,516.2890260409738
2023-07-12,517.9041825755145
2023-07-13,528.3534574892419
2023-07-14,544.1031636562466
2023-07-17,535.905661226224
2023-07-18,527.4813587588117
2023-07-19,529.7075833837591
2023-07-20,531.8391061506403
2023-07-21,536.1064379586519
2023-07-24,538.0322328765245
2023-07-25,542.2228551282432
2023-07-26,543.468468337852
2023-07-27,545.9140136779524
2023-07-28,549.2225032925151
2023-07-31,550.1769591845415
2023-08-01,559.884111401267
2023-08-02,568.5009259568125
2023-08-03,578.0931087787179
2023-08-04,577.0336331467554
2023-08-07,590.0620978204455
2023-08-08,589.5995525426108
2023-08-09,582.8717572777806
2023-08-10,584.8634755019286
2023-08-11,594.5438047566566
2023-08-14,614.5569546064913
2023-08-15,640.3514689083274
2023-08-16,714.4200712391734
2023-08-17,723.2702812666986
2023-08-18,725.5767604720921
2023-08-22,727.252269747947
2023-08-23,731.4277063550938
2023-08-24,750.0315728741585
2023-08-25,760.58036902466
2023-08-28,784.0819725134025
2023-08-29,802.4383294092465
2023-08-30,799.6692526978363
2023-08-31,781.277685170797
2023-09-01,769.7952529585874
2023-09-05,761.4217678977897
2023-09-06,761.9493494755425
2023-09-07,715.952253445404
2023-09-08,714.9747640091964
2023-09-11,699.8094129716432
2023-09-12,730.6199306940939
2023-09-13,730.8723393079497
2023-09-14,736.2600030038097
2023-09-15,735.3812585027698
2023-09-18,730.5641249812744
2023-09-19,738.7904063624995
2023-09-20,734.3566414195258
2023-09-21,733.4448254109363
2023-09-22,750.956283218596
2023-09-25,757.7327163881357
2023-09-26,771.3150203978806
2023-09-27,789.244172918339
2023-09-28,813.3021327582043
2023-09-29,819.6168275501817
2023-10-02,824.7035821817748
2023-10-03,858.539652354234
2023-10-04,898.6959331970986
2023-10-05,888.0125969242953
2023-10-06,865.1527088681104
2023-10-09,875.1211747973307
2023-10-10,953.5328354513808
2023-10-11,919.7177308518728
2023-10-12,951.776849674923
2023-10-17,972.1376888889839
2023-10-18,958.7062682320376
2023-10-19,965.981183768872
2023-10-20,1020.5207482665095
2023-10-23,983.9286531958226
2023-10-24,913.4146813814508
2023-10-25,915.2871091264376
2023-10-26,895.4736139986917
2023-10-27,871.8722988696809
2023-10-30,854.6271360526504
2023-10-31,876.4050034467542
2023-11-01,891.2552852112724
2023-11-02,891.2672518399677
2023-11-03,868.1672318567097
2023-11-07,857.5807802462517
2023-11-08,856.2713011331555
2023-11-09,878.3771753415645
2023-11-10,907.0458609683681
2023-11-13,891.7238538650311
2023-11-14,864.757522325428
2023-11-15,878.3152591234182
2023-11-16,859.0564633851325
2023-11-17,890.32001953125
2023-11-21,908.207374640137
2023-11-22,972.1110930266203
2023-11-24,992.6240087887438
2023-11-27,951.5755516456042
2023-11-28,852.3993170154829
2023-11-29,854.61892451084
2023-11-30,876.0186107485644
2023-12-01,945.2746289063468
2023-12-04,901.3329542741391
2023-12-05,947.6616654193282
2023-12-06,963.5853196572045
2023-12-07,974.7058823529412
2023-12-11,1005.3520575947252
2023-12-12,1030.5844356604862
2023-12-13,1023.1242924868835
2023-12-14,1032.2273418702869
2023-12-15,1004.5592239259656
2023-12-18,968.077559679211
2023-12-19,957.0532386279037
2023-12-20,956.5676352243172
2023-12-21,969.6679410231073
2023-12-22,964.9175553827996
2023-12-26,933.8664718930446
2023-12-27,902.6226829693879
2023-12-28,958.8997499351765
2023-12-29,971.0480344811515
2024-01-02,994.0743173243496
2024-01-03,1055.8402137503463
2024-01-04,1108.7130998796515
2024-01-05,1145.6640251025128
2024-01-08,1203.1324730578394
2024-01-09,1221.5945951969538
2024-01-10,1192.3243834545983
2024-01-11,1168.8529672899979
2024-01-12,1158.4793823723264
2024-01-16,1200.3188386193326
2024-01-17,1262.300105232622
2024-01-18,1264.6970547997164
2024-01-19,1308.2024310428026
2024-01-22,1321.617112672894
2024-01-23,1290.3752467418458
2024-01-24,1302.73681640625
2024-01-25,1280.7825235799733
2024-01-26,1229.7696742153632
2024-01-29,1254.6052456208738
2024-01-30,1276.3256268168604
2024-01-31,1273.2994076539667
2024-02-01,1285.5016077909297
2024-02-02,1292.6483797508547
2024-02-05,1296.4371169117446
2024-02-06,1243.610875026196
2024-02-07,1249.2495274079683
2024-02-08,1269.393939171025
2024-02-09,1223.605314555921
2024-02-14,1186.876526899813
2024-02-15,1165.2854060944094
2024-02-16,1123.151756398176
2024-02-20,1121.665815997154
2024-02-21,1108.2771529839495
2024-02-22,1132.51976890135
2024-02-23,1126.0474280149572
2024-02-26,1091.6886763034306
2024-02-27,1096.1823372284082
2024-02-28,1066.605369475982
2024-02-29,1071.5356322791324
2024-03-01,1067.8779502292412
2024-03-04,1080.9074165378995
2024-03-05,1053.429524819352
2024-03-06,1015.1137300395889
2024-03-07,1014.2888273392629
2024-03-08,1035.9450798426772
2024-03-11,1020.0872038366256
2024-03-12,1069.3943854487802
2024-03-13,1050.288078725307
2024-03-14,1061.5153623211127
2024-03-15,1075.838939770187
2024-03-18,1077.118653630501
2024-03-19,1075.7283375254042
2024-03-20,1097.2375239152464
2024-03-21,1095.3004632594384
2024-03-22,1093.1748498237203
2024-03-25,1083.3269383056952
2024-03-26,1100.4091656799148
2024-03-27,1082.1223867226358
2024-04-03,1073.7547735783548
2024-04-04,1059.3798573628465
2024-04-05,1049.4701550123161
2024-04-08,1041.2910377448686
2024-04-09,1041.835282010082
2024-04-10,1048.4921533264985
2024-04-11,1047.7158215880083
2024-04-12,1046.0317409602885
2024-04-15,1076.8115793198906
2024-04-16,1076.2333100129001
2024-04-17,1067.3409934144104
2024-04-18,1069.9250540613903
2024-04-19,1065.6184460858337
2024-04-22,1056.0122345775617
2024-04-23,1051.7195644048145
2024-04-24,1058.083980029725
2024-04-25,1082.9772722818777
2024-04-26,1078.9902011985605
2024-04-29,1089.7472885111288
2024-04-30,1095.760103419112
2024-05-02,1118.1248101024764
2024-05-03,1121.4889234839745
2024-05-06,1108.356001239362
2024-05-07,1094.5020295472634
2024-05-08,1065.4230732154174
2024-05-09,1062.9118785553308
2024-05-10,1068.001120519558
2024-05-13,1069.3794341037224
2024-05-14,1074.1612398378704
2024-05-15,1079.8995877248344
2024-05-16,1091.9693757233963
2024-05-17,1063.6215553812513
2024-05-20,1096.6336195993583
2024-05-21,1161.7191990611923
2024-05-22,1222.4984152762372
2024-05-23,1258.389812456359
2024-05-24,1249.41482757616
2024-05-28,1238.3731740611656
2024-05-29,1216.7106300223502
2024-05-30,1170.8514025476757
2024-05-31,1220.1952827143025
2024-06-03,1248.1602207209648
2024-06-04,1295.9685881959915
2024-06-05,1283.864691024436
2024-06-06,1284.7190964579063
2024-06-07,1290.1326453468012
2024-06-10,1298.1548750871316
2024-06-11,1307.9029799266686
2024-06-12,1288.965874193437
2024-06-13,1263.906278092075
2024-06-14,1245.774558963332
2024-06-18,1237.6542559226923
2024-06-24,1341.2266762958154
2024-06-25,1298.1923663979394
2024-06-26,1347.5056323008832
2024-06-27,1344.7693361992592
2024-06-28,1353.0922372219966
2024-07-01,1428.2254757669875
2024-07-02,1436.712917099343
2024-07-03,1403.5438939144738
2024-07-05,1398.5945293003876
2024-07-08,1393.7608856087575
2024-07-10,1389.359528363295
2024-07-11,1417.2413793103449
2024-07-12,1434.054438898093
2024-07-15,1307.4398213074492
2024-07-16,1289.7587980703847
2024-07-17,1301.893706916216
2024-07-18,1310.909090909091
2024-07-19,1304.5019919995477
2024-07-22,1327.793461395919
2024-07-23,1337.2881355932204
2024-07-24,1337.1687444884408
2024-07-25,1305.9569581951816
2024-07-26,1316.6254888969488
2024-07-29,1297.5715767309275
2024-07-30,1267.5795492134764
2024-07-31,1280.6351701533445
2024-08-01,1307.7193832399794
2024-08-02,1328.3302253927866
2024-08-05,1324.6899357938155
2024-08-06,1304.8128697145532
2024-08-07,1292.291590561771
2024-08-08,1226.7317497237343
2024-08-09,1212.0326508657547
2024-08-12,1217.8737720747463
2024-08-13,1216.216221609412
2024-08-14,1217.5508372475065
2024-08-15,1234.1504065516913
2024-08-16,1248.2229822452243
2024-08-19,1280.3118008498934
2024-08-20,1294.591546977242
2024-08-21,1294.6560786194827
2024-08-22,1290.760911192071
2024-08-23,1286.0438179795435
2024-08-26,1293.282001064367
2024-08-27,1295.077326231198
2024-08-28,1291.5601527049716
2024-08-29,1288.4819428552685
2024-08-30,1291.8050131571515
2024-09-03,1305.5348425104778
2024-09-04,1292.6135849997872
2024-09-05,1274.1128330898764
2024-09-06,1263.3884539110675
2024-09-09,1241.4282067495515
2024-09-10,1244.284018034016
2024-09-11,1246.5245641845356
2024-09-12,1253.4498752020197
2024-09-13,1251.6644092565582
2024-09-16,1245.2063550633673
2024-09-17,1240.5848639165465
2024-09-18,1233.470597930008
2024-09-19,1216.560548966541
2024-09-20,1222.388991943978
2024-09-23,1225.0711963945384
2024-09-24,1224.0757270713136
2024-09-25,1231.161573961919
2024-09-26,1226.567950079993
2024-09-27,1224.3033689929407
2024-09-30,1242.5754290899986
2024-10-01,1244.989393774353
2024-10-02,1237.4821578307854
2024-10-03,1230.1313104746175
2024-10-04,1225.5690490439881
2024-10-07,1220.6020564734883
2024-10-08,1206.428239742583
2024-10-09,1189.351606316706
2024-10-10,1180.642503574588
2024-10-14,1181.2298062737113
2024-10-15,1180.2617965571685
2024-10-16,1185.5036817998873
2024-10-17,1190.08603775472
2024-10-18,1193.2042922655014
2024-10-21,1194.9436840541664
2024-10-22,1195.0929739980156
2024-10-23,1185.4530732839592
2024-10-24,1177.0262543132458
2024-10-25,1167.1924422415611
2024-10-28,1155.054505544459
2024-10-29,1148.8884999523964
2024-10-30,1155.7597003426001
2024-10-31,1157.056118884256
2024-11-01,1172.732517660513
2024-11-04,1190.3381642512077
2024-11-05,1170.1100391722778
2024-11-06,1166.7273680789265
2024-11-07,1172.3886407563077
2024-11-08,1161.2783417761802
2024-11-11,1170.786069358298
2024-11-12,1161.6438356164383
2024-11-13,1153.91607138995
2024-11-14,1158.837526246526
2024-11-15,1126.3101611091179
2024-11-19,1106.4352332216192
2024-11-20,1096.0804746314361
2024-11-21,1121.0441562289375
2024-11-22,1112.1124821392339
2024-11-25,1116.9159047866378
2024-11-26,1119.3372203841338
2024-11-27,1099.625723201599
2024-11-29,1114.4578584421504
2024-12-02,1109.2351934453416
2024-12-03,1120.289095099463
2024-12-04,1110.1211900523406
2024-12-05,1088.7858577778914
2024-12-06,1072.6409023093033
2024-12-09,1082.7042093627385
2024-12-10,1068.1621947378244
2024-12-11,1057.147474762446
2024-12-12,1073.4004227759845
2024-12-13,1084.7240104465902
2024-12-16,1120.1298348161824
2024-12-17,1149.592529055425
2024-12-18,1200.0631265216925
2024-12-19,1181.0766868040782
2024-12-20,1165.277556568529
2024-12-23,1174.140378440209
2024-12-24,1171.57386746071
2024-12-26,1191.2855152316756
2024-12-27,1183.5147183234792
2024-12-30,1185.928054153399
2025-01-02,1172.965064249923
2025-01-03,1173.7021787839517
2025-01-06,1196.7374387508007
2025-01-07,1190.805850822204
2025-01-08,1194.3661971830986
2025-01-10,1197.6131407696394
2025-01-13,1191.595693640452
2025-01-14,1196.9331199023854
2025-01-15,1183.8615559342857
2025-01-16,1197.4248665647303
2025-01-17,1168.9279910053453
2025-01-21,1171.7777836740536
2025-01-22,1196.766308180593
2025-01-23,1207.6697448892194
2025-01-24,1203.463009179314
2025-01-27,1174.926724473537
2025-01-28,1179.0591532761534
2025-01-29,1183.094519588566
2025-01-30,1184.7041325334762
2025-01-31,1197.3917602317038
2025-02-03,1190.5492426614483
2025-02-04,1204.5246439246484
2025-02-05,1215.0706290890844
2025-02-06,1185.296296944957
2025-02-07,1195.1564682754142
2025-02-10,1189.7207949044746
2025-02-11,1194.3354252010836
2025-02-12,1196.4193461428972
2025-02-13,1200.8807401856511
2025-02-14,1209.1836891587404
2025-02-18,1225.5232603477364
2025-02-19,1227.5398981786502
2025-02-20,1192.4652073673833
2025-02-21,1213.5098815682784
2025-02-24,1216.0302845236668
2025-02-25,1212.489126624257
2025-02-26,1208.1218586031755
2025-02-27,1228.8288288288288
2025-02-28,1211.1149689197514
2025-03-05,1230.505602015468
2025-03-06,1244.2801897170746
2025-03-07,1221.5859568836618
2025-03-10,1223.433732272691
2025-03-11,1230.005529522629
2025-03-12,1230.5296210126573
2025-03-13,1237.3118788098573
2025-03-14,1242.0060968391297
2025-03-17,1255.5746304961822
2025-03-18,1299.0329906230554
2025-03-19,1294.1787668085922
2025-03-20,1289.9219164778947
2025-03-21,1287.5682758161554
2025-03-25,1297.7099068689722
2025-03-26,1294.5656209809672
2025-03-27,1295.6398860756378
2025-03-28,1310.5055862269319
2025-03-31,1314.4850081770524
2025-04-01,1313.1679261409372
2025-04-03,1318.5378852732265
2025-04-04,1334.9916616762193
2025-04-07,1359.5232428377608
2025-04-08,1366.3236807929359
2025-04-09,1337.9337253178037
2025-04-10,1363.4505825133397
2025-04-11,1340.263624123928
2025-04-14,1256.7149538740198
2025-04-15,1244.7505714676786
2025-04-16,1177.548283176588
2025-04-21,1130.952389512383
2025-04-22,1157.0248270593727
2025-04-23,1177.2014399519605
2025-04-24,1198.6084438357925
2025-04-25,1200.1261659537095
2025-04-28,1193.382621314698
2025-04-29,1185.7514727194853
2025-04-30,1190.397320920494
2025-05-05,1217.0880881801054
2025-05-06,1218.0476734404538
2025-05-07,1165.3813500982146
2025-05-08,1170.6315187874654
2025-05-09,1152.8651320656465
2025-05-12,1182.2899802206152
2025-05-13,1170.1616547395552
2025-05-14,1154.5208269334298
2025-05-15,1162.0003064598955
2025-05-16,1177.039655936698
2025-05-19,1161.695433496024
2025-05-20,1164.7280924876425
2025-05-21,1169.8174295362724
2025-05-22,1155.14195226812
2025-05-23,1166.0833485249634
2025-05-27,1176.6623090257874
2025-05-28,1176.7618389245815
2025-05-29,1196.4930753110582
2025-05-30,1198.9664240265079
2025-06-02,1197.0339112042993
2025-06-03,1201.4134599507327
2025-06-04,1202.8958842552704
2025-06-05,1197.131274757739
2025-06-06,1198.4815684336145
2025-06-09,1201.4068761577116
2025-06-10,1193.0925835580365
2025-06-11,1190.3914429146514
2025-06-12,1191.6637108538264
2025-06-13,1194.4394034586403
2025-06-17,1181.2327838531407
2025-06-18,1170.8217583281214
2025-06-23,1193.1705633203028
2025-06-24,1194.0015116860222
2025-06-25,1203.7933463172335
2025-06-26,1201.1549390489222
2025-06-27,1201.857987239553
2025-06-30,1206.5886234658315
2025-07-01,1238.247607954441
2025-07-02,1236.6017999040646
2025-07-03,1227.2103912925288
2025-07-07,1276.1117258984896
2025-07-08,1256.6581520173083
2025-07-10,1270.786310068561
2025-07-11,1273.8853915880013
2025-07-14,1299.42292819711
2025-07-15,1281.078827915354
2025-07-16,1276.4122172627137
2025-07-17,1282.749972215315
2025-07-18,1291.8254642749814
2025-07-21,1282.9226348958898
2025-07-22,1261.2423816763683
2025-07-23,1264.9746192893401
2025-07-24,1273.0121083388935
2025-07-25,1282.5960867852832
2025-07-28,1298.0392156862745
2025-07-29,1294.7867298578199
2025-07-30,1316.2951344138319
2025-07-31,1361.204643122117
2025-08-01,1367.8184463036707
2025-08-04,1356.9979926025824
2025-08-05,1346.41803675691
2025-08-06,1330.698260467926
2025-08-07,1325.5814345479992
2025-08-08,1328.8906192019238
2025-08-11,1321.1223773026998
2025-08-12,1316.0919347873858
2025-08-13,1309.934806281564
2025-08-14,1304.611686723534
2025-08-18,1295.9577613902577
2025-08-19,1299.2294181084458
2025-08-20,1305.3814437528376
2025-08-21,1320.7546994984884
2025-08-22,1334.2169072066263
2025-08-25,1369.047619047619
2025-08-26,1359.8074858592245
2025-08-27,1361.1250732140234
2025-08-28,1349.5852918928817
2025-08-29,1349.287210974519
2025-09-02,1372.8470270628038
2025-09-03,1376.1707047316045
2025-09-04,1385.3462784381663
2025-09-05,1386.5337185955752
2025-09-08,1448.6133948646705
2025-09-09,1435.9229347584833
2025-09-10,1439.039614566886
2025-09-11,1446.2743632218783
2025-09-12,1472.4540526412925
2025-09-15,1475.3255500262637
2025-09-16,1467.7685950413222
2025-09-17,1491.035209617683
2025-09-18,1536.6300795734694
2025-09-19,1545.3685754622813
2025-09-22,1438.4952156096037
2025-09-23,1420.1840582337563
2025-09-24,1388.1299910839844
2025-09-25,1402.7186058575032
2025-09-26,1467.207576468528
2025-09-29,1492.1954877709309
2025-09-30,1542.0900153688287
2025-10-01,1573.4134930702648
2025-10-02,1551.8783118429628
2025-10-03,1524.9215470757767
2025-10-06,1517.8881073404632
2025-10-07,1561.1511219807117
2025-10-08,1549.7178792005386
2025-10-09,1382.608695652174
2025-10-13,1439.725698089077
2025-10-14,1456.8457415020837
2025-10-15,1442.4234041208597
2025-10-16,1461.1563185103453
2025-10-17,1526.6234976181331
2025-10-20,1561.2340218689496
2025-10-21,1592.4658063803545
2025-10-22,1606.6020370852802
2025-10-23,1555.683116033915
2025-10-24,1566.4690804953873
2025-10-27,1442.8164607371853
2025-10-28,1461.8320185004077
2025-10-29,1433.2425266753364
2025-10-30,1488.4715845478227
2025-10-31,1495.856560159865
2025-11-03,1510.9392764713568
2025-11-04,1529.699672081507
2025-11-05,1488.085224349593
2025-11-06,1507.3849026940645
2025-11-07,1455.2171122268228
2025-11-10,1470.4829652275682
2025-11-11,1475.8108720188045
2025-11-12,1481.3143329865052
2025-11-13,1458.022429566524
2025-11-14,1496.8755528186755
2025-11-17,1484.6482969148099
2025-11-18,1485.5571017235625
2025-11-19,1469.5232618263674
2025-11-20,1506.2977398371754
2025-11-21,1513.8708479409067
2025-11-25,1525.874430994474
2025-11-26,1532.8895300155725
2025-11-28,1478.439433473659
2025-12-01,1524.4715779618155
2025-12-02,1550.8806725333877
2025-12-03,1530.689307500977
2025-12-04,1521.823133597803
2025-12-05,1533.8526156999135
2025-12-09,1533.6049356434914
2025-12-10,1494.619361177329
2025-12-11,1502.1459133779163
2025-12-12,1520.3470405285384
2025-12-15,1503.910198643461
2025-12-16,1542.3830326659952
2025-12-17,1567.328860729182
2025-12-18,1543.5992141865402
2025-12-19,1545.1357361865983
2025-12-22,1543.186859944657
2025-12-23,1528.4973834311409
2025-12-24,1523.5814638880001
2025-12-26,1507.465367331877
2025-12-29,1529.3257938985894
2025-12-30,1516.833109821434
2026-01-02,1565.135939797712
2026-01-05,1520.5357142857142
2026-01-06,1577.8688434886856
2026-01-07,1556.8415246427166
2026-01-08,1514.5596672977083
2026-01-09,1513.4608817855972
2026-01-12,1529.2407900455387
2026-01-13,1521.292465581157
2026-01-14,1523.1463455716175
2026-01-15,1534.1020677941133
2026-01-16,1510.9943748246308
2026-01-20,1531.0577680985018
2026-01-21,1501.7569901664483
2026-01-22,1506.416204396827
2026-01-23,1511.9091451862803
2026-01-26,1506.7108093330262
2026-01-27,1508.2496867207142
2026-01-28,1513.9584535239426
2026-01-29,1486.849184245853
2026-01-30,1507.8932876003444
2026-02-02,1497.5890716277354
2026-02-03,1461.6104451265815
2026-02-04,1482.4695251261564
2026-02-05,1558.0237254064075
2026-02-06,1513.0646468731497
2026-02-09,1487.0
2026-02-10,1503.883495145631
2026-02-11,1488.39951025468
2026-02-12,1529.489482844062
2026-02-13,1456.0678700855801
2026-02-18,1437.3464226498777
2026-02-19,1437.8673567927076
2026-02-20,1444.399695438993
2026-02-23,1434.620950607432
2026-02-24,1440.383843596476
2026-02-25,1452.2436669588808
2026-02-26,1470.212765957447
2026-02-27,1459.3088567832467
2026-03-02,1435.0180604226705
2026-03-03,1487.1677568216123
2026-03-04,1456.9612032368177
2026-03-05,1454.0403333368959
2026-03-06,1475.8025281004902
2026-03-09,1473.9815917284216
2026-03-10,1465.2636798423503
2026-03-11,1447.281522305189
2026-03-12,1460.2180261831047
2026-03-13,1476.1673535193784
2026-03-16,1475.7709030656124
2026-03-17,1468.1107369453575
2026-03-18,1465.96857041725
2026-03-19,1459.5211454287921
2026-03-20,1469.1501485245026
2026-03-23,1463.1462900705824
2026-03-25,1452.8218499397688
2026-03-26,1448.461750912683
2026-03-27,1473.0678893709226
2026-03-30,1482.2134965786129
2026-03-31,1475.0589028143172
2026-04-01,1482.3580180415156
2026-04-06,1483.4451711347028
2026-04-07,1483.116264913921
2026-04-08,1470.4645879493416
2026-04-09,1475.0677978269357
2026-04-10,1470.282659402147
2026-04-13,1460.593699666103
2026-04-14,1459.0964772194102
2026-04-15,1453.0173845283514
2026-04-16,1454.8051916311408
2026-04-17,1462.4216653136039
2026-04-20,1470.0978856530426
2026-04-21,1469.6652954239673
2026-04-22,1474.0259496841438
2026-04-23,1475.7303473331344
2026-04-24,1497.5678189049936
2026-04-27,1513.814730949143
2026-04-28,1495.7559020822612
2026-04-29,1493.4456502094154
2026-04-30,1504.5960273443848
2026-05-01,1549.190476615764
2026-05-04,1503.3407629149121
2026-05-05,1478.9771996087566
2026-05-06,1468.6924957859626
2026-05-07,1466.2349107070627
2026-05-08,1474.0229110940963
2026-05-11,1476.8029087723141
2026-05-12,1477.8383984238494
2026-05-13,1482.4120278251078
2026-05-14,1477.8973059759219
2026-05-15,1485.658216225528
2026-05-18,1485.815629635635
2026-05-19,1493.1163669797902
2026-05-20,1483.8172137259016
2026-05-21,1474.6649051391973
2026-05-22,1482.2043887676741
2026-05-26,1480.069706509273
2026-05-27,1482.9804804364937
2026-05-28,1481.6710482690821
2026-05-29,1478.5954237629082
2026-06-01,1493.354187409456
2026-06-02,1507.0533924200838
2026-06-03,1520.7944799367294
2026-06-04,1509.6668369497768
2026-06-05,1507.006859034533
2026-06-08,1527.893393030221
2026-06-09,1509.3018096956796
2026-06-10,1508.4643613706926
2026-06-11,1492.5103812983039
2026-06-12,1488.3973935299387
2026-06-15,1467.1193949819142
2026-06-16,1498.89790702467
2026-06-17,1505.8506057402851
2026-06-18,1507.8942985737958
2026-06-22,1531.0331370072117
2026-06-23,1550.1461025381743
2026-06-24,1552.953205083881
2026-06-25,1538.8507247616317
2026-06-26,1543.9263180973448
2026-06-29,1549.115867116636
2026-06-30,1557.0657985351804
2026-07-01,1566.7686278358735
2026-07-02,1570.3792272651574
2026-07-06,1569.2191490318462
2026-07-07,1574.3640391837357
2026-07-08,1568.1592039800994
2026-07-09,1595.464688677756
2026-07-10,1551.274906199838
2026-07-13,1571.6786664037957
2026-07-14,1557.0866375583234
2026-07-15,1557.8128508152747
2026-07-16,1567.3575034212922
